<!-- Updated applicationContext.xml -->
<beans xmlns="http://www.springframework.org/schema/beans"
	xmlns:context="http://www.springframework.org/schema/context" xmlns:tx="http://www.springframework.org/schema/tx"
	xmlns:xsi="http://www.w3.org/2001/XMLSchema-instance" xmlns:cache="http://www.springframework.org/schema/cache"
	xmlns:aop="http://www.springframework.org/schema/aop" xmlns:p="http://www.springframework.org/schema/p"
	xmlns:jee="http://www.springframework.org/schema/jee"
	xsi:schemaLocation="
        http://www.springframework.org/schema/beans     
        https://www.springframework.org/schema/beans/spring-beans-5.3.xsd
        http://www.springframework.org/schema/context 
        https://www.springframework.org/schema/context/spring-context-5.3.xsd
        http://www.springframework.org/schema/tx
		https://www.springframework.org/schema/tx/spring-tx-5.3.xsd
		http://www.springframework.org/schema/cache 
		https://www.springframework.org/schema/cache/spring-cache.xsd
		http://www.springframework.org/schema/aop 
		https://www.springframework.org/schema/aop/spring-aop-5.3.xsd
		http://www.springframework.org/schema/jee https://www.springframework.org/schema/jee/spring-jee.xsd">

	<context:annotation-config />

	<context:component-scan base-package="com.kasikornbank.idva" />

 <import resource="dataSource.xml" /> 

	<context:property-placeholder location="file:/app/config/ws-application.properties" />

	<bean id="velocityEngine"
		class="org.springframework.ui.velocity.VelocityEngineFactoryBean">
		<property name="velocityProperties">
			<value>
				resource.loader=class
				class.resource.loader.class=org.apache.velocity.runtime.resource.loader.ClasspathResourceLoader
			</value>
		</property>
	</bean>

	<bean id="templateLoader"
		class="org.apache.velocity.runtime.resource.loader.DataSourceResourceLoader">
		<property name="dataSource" ref="dataSource" />
	</bean>

	<tx:advice id="txAdvice" transaction-manager="transactionManager" />

	<tx:annotation-driven transaction-manager="transactionManager" />

	<bean id="transactionManager"
		class="org.springframework.jdbc.datasource.DataSourceTransactionManager">
		<property name="dataSource" ref="dataSource" />
	</bean>

	<bean id="jdbcTemplate" class="org.springframework.jdbc.core.JdbcTemplate">
		<property name="dataSource" ref="dataSource"></property>
	</bean>

	<bean
		class="org.springframework.jdbc.core.namedparam.NamedParameterJdbcTemplate"
		id="namedParameterJdbcTemplate">
		<constructor-arg ref="dataSource" />
	</bean>

</beans>
