<!-- Updated dispatcher-servlet.xml -->
<?xml version="1.0" encoding="UTF-8"?>
<beans xmlns="http://www.springframework.org/schema/beans"
	xmlns:xsi="http://www.w3.org/2001/XMLSchema-instance" xmlns:context="http://www.springframework.org/schema/context"
	xmlns:p="http://www.springframework.org/schema/p" xmlns:mvc="http://www.springframework.org/schema/mvc"
	xmlns:aop="http://www.springframework.org/schema/aop"
	xsi:schemaLocation="http://www.springframework.org/schema/beans https://www.springframework.org/schema/beans/spring-beans-5.3.xsd 
						http://www.springframework.org/schema/context https://www.springframework.org/schema/context/spring-context-5.3.xsd
						http://www.springframework.org/schema/aop https://www.springframework.org/schema/aop/spring-aop-5.3.xsd
       					http://www.springframework.org/schema/mvc https://www.springframework.org/schema/mvc/spring-mvc-5.3.xsd">

	<mvc:annotation-driven />

	<bean class="org.springframework.web.servlet.view.InternalResourceViewResolver">
		<property name="prefix">
			<value>/WEB-INF/pages/</value>
		</property>
		<property name="suffix">
			<value>.jsp</value>
		</property>
	</bean>

	<mvc:resources mapping="/css/**" location="/css/" />
	<mvc:resources mapping="/js/**" location="/js/" />
	<mvc:resources mapping="/images/**" location="/images/" />
	<mvc:resources mapping="/com/**" location="/com/" />
	<bean id="multipartResolver"
		class="org.springframework.web.multipart.commons.CommonsMultipartResolver" />

	<context:property-placeholder location="classpath:application.properties" />

</beans>
