<?xml version="1.0" encoding="UTF-8"?>
<Configuration status="INFO" > <!-- monitorInterval="30" -->
  <Properties>
    <Property name="LOG_PATTERN">%d{yyyy-MM-dd HH:mm:ss} %-5p %c{1}:%L - %m%n</Property>
    <Property name="LOG_DIR_ELK">/app/AppLogs/idva-ws-json-loging.log</Property>
  </Properties>

  <Appenders>
  
    <Console name="consoleLogs" target="SYSTEM_OUT">
      <PatternLayout pattern="${LOG_PATTERN}"/>
    </Console>

    <RollingFile
      name="elkLogs"
      fileName="${LOG_DIR_ELK}"
      filePattern="${LOG_DIR_ELK}.%i"
      ignoreExceptions="false">
      <MarkerFilter marker="ELK" onMatch="ACCEPT" onMismatch="DENY"/>     
      <!-- <JsonTemplateLayout eventTemplateUri="classpath:EcsLayout.json"/> -->
      <JSONLayout compact="true" eventEol="true" properties="true" stacktraceAsString="true" includeTimeMillis="true">
		<KeyValuePair key="appName" value="IDVA" />
		<KeyValuePair key="version" value="1.00" />
	  </JSONLayout>
      <Policies>
          <SizeBasedTriggeringPolicy size="1MB" />
      </Policies>
      <DefaultRolloverStrategy max="1"/>
    </RollingFile>
  </Appenders>

  <Loggers>               
    <AsyncLogger  name="com.kasikornbank.idva.ws" additivity="false" level="info">
        <AppenderRef ref="elkLogs"/>
    </AsyncLogger>
  
    <Root level="info">
       <AppenderRef ref="consoleLogs"/>
    </Root>
     
  </Loggers>
</Configuration>